Customer_ID,Full_Name,Gender,Date_of_Birth,Region,Education_Level,Employment_Status,Annual_Income,Credit_History_Length,Credit_Score
1001,Customer_1,Male,1996-07-22,North,High School,Employed,102988,3,808
1002,Customer_2,Female,2012-01-23,North,Bachelor,Retired,83342,1,780
1003,Customer_3,Male,1986-08-12,West,Master,Self-employed,139516,4,413
1004,Customer_4,Male,1996-05-18,West,Bachelor,Employed,43951,20,660
1005,Customer_5,Male,1997-11-21,West,High School,Employed,26307,2,640
1006,Customer_6,Female,1984-05-24,North,Bachelor,Self-employed,105388,5,748
1007,Customer_7,Male,2005-03-31,North,Master,Self-employed,115768,3,479
1008,Customer_8,Male,2005-04-06,West,Bachelor,Employed,60428,9,706
1009,Customer_9,Male,2001-05-20,Central,Bachelor,Unemployed,133707,20,495
1010,Customer_10,Female,2001-08-06,Central,High School,Self-employed,117021,6,765
1011,Customer_11,Male,1992-01-06,South,Bachelor,Employed,143418,18,610
1012,Customer_12,Male,1989-07-08,East,PhD,Employed,100774,6,561
1013,Customer_13,Male,1987-04-04,Central,High School,Employed,63975,19,718
1014,Customer_14,Male,1985-04-13,North,Bachelor,Self-employed,142850,12,705
1015,Customer_15,Female,1983-01-17,Central,Master,Employed,26140,11,442
1016,Customer_16,Male,1998-10-21,South,Master,Employed,49842,2,641
1017,Customer_17,Female,2014-07-12,South,Bachelor,Self-employed,51421,15,615
1018,Customer_18,Female,1998-03-25,East,Master,Unemployed,26708,12,400
1019,Customer_19,Female,1996-02-13,Central,Bachelor,Employed,28630,12,543
1020,Customer_20,Male,2005-09-05,North,High School,Unemployed,44595,9,789
1021,Customer_21,Female,2001-10-17,North,Master,Employed,101021,21,311
1022,Customer_22,Male,1985-09-10,West,Master,Unemployed,53308,24,538
1023,Customer_23,Female,2004-03-01,North,Master,Employed,69789,2,341
1024,Customer_24,Female,2007-12-01,East,Master,Employed,80690,22,728
1025,Customer_25,Female,1998-04-26,East,Bachelor,Self-employed,51086,3,457
1026,Customer_26,Female,1999-04-02,North,Bachelor,Employed,41859,12,515
1027,Customer_27,Female,2000-04-06,North,Master,Employed,32684,16,761
1028,Customer_28,Female,1986-05-06,West,Bachelor,Self-employed,116088,21,433
1029,Customer_29,Female,2017-04-27,North,Master,Self-employed,26207,24,366
1030,Customer_30,Female,2006-12-19,West,Master,Self-employed,71099,1,306
1031,Customer_31,Male,1997-01-23,West,Master,Self-employed,92496,21,825
1032,Customer_32,Male,2020-09-11,North,Bachelor,Employed,91093,3,372
1033,Customer_33,Female,1993-12-29,South,Bachelor,Employed,54689,20,698
1034,Customer_34,Female,2010-04-04,South,High School,Employed,73651,2,704
1035,Customer_35,Female,2003-10-28,West,Bachelor,Employed,38893,9,429
1036,Customer_36,Male,2013-11-30,North,High School,Retired,122808,19,765
1037,Customer_37,Female,2004-10-13,South,Bachelor,Employed,91418,15,505
1038,Customer_38,Male,2009-09-03,North,Bachelor,Employed,128065,18,565
1039,Customer_39,Male,1992-02-26,North,High School,Employed,85011,11,836
1040,Customer_40,Male,2019-09-10,North,Bachelor,Retired,63635,23,552
1041,Customer_41,Male,2009-02-17,Central,High School,Employed,81115,16,588
1042,Customer_42,Male,1983-10-04,North,High School,Employed,120071,22,463
1043,Customer_43,Female,1994-06-21,Central,Master,Employed,103405,17,394
1044,Customer_44,Female,1983-01-04,West,Bachelor,Self-employed,97702,5,409
1045,Customer_45,Female,2003-12-12,South,High School,Employed,103518,12,635
1046,Customer_46,Female,2013-05-06,South,Bachelor,Unemployed,131233,11,537
1047,Customer_47,Female,1998-07-11,South,Master,Retired,128651,15,680
1048,Customer_48,Male,2018-11-29,South,High School,Employed,97805,3,735
1049,Customer_49,Female,1987-02-23,South,Bachelor,Self-employed,83954,1,782
1050,Customer_50,Female,1983-09-28,South,High School,Retired,53064,20,324
1051,Customer_51,Male,1982-10-21,South,High School,Self-employed,147813,16,416
1052,Customer_52,Female,1983-04-19,West,Bachelor,Employed,104063,2,781
1053,Customer_53,Male,1999-05-15,North,Bachelor,Employed,27454,2,691
1054,Customer_54,Female,2002-09-14,East,Bachelor,Self-employed,45878,3,836
1055,Customer_55,Male,2007-11-06,Central,Master,Employed,76098,8,378
1056,Customer_56,Female,2018-06-17,East,PhD,Self-employed,87154,24,472
1057,Customer_57,Female,2011-05-14,East,Bachelor,Retired,37991,15,311
1058,Customer_58,Male,1987-07-16,North,Bachelor,Retired,93344,7,427
1059,Customer_59,Male,2001-06-03,North,Master,Employed,129946,6,391
1060,Customer_60,Male,1998-01-06,North,High School,Employed,61593,9,842
1061,Customer_61,Male,1979-09-11,South,Bachelor,Retired,61304,20,831
1062,Customer_62,Male,1984-06-30,West,High School,Unemployed,55386,1,746
1063,Customer_63,Male,2016-10-05,South,High School,Employed,80220,8,689
1064,Customer_64,Male,2018-03-09,West,PhD,Retired,138613,23,342
1065,Customer_65,Male,1985-06-09,West,Master,Unemployed,94338,23,553
1066,Customer_66,Female,2004-04-02,East,Bachelor,Employed,119289,3,429
1067,Customer_67,Female,2000-04-21,East,Bachelor,Employed,46083,4,359
1068,Customer_68,Male,1989-09-18,West,High School,Employed,43354,15,766
1069,Customer_69,Female,1998-01-21,West,High School,Employed,47190,6,586
1070,Customer_70,Female,1988-03-10,South,High School,Employed,31142,15,816
1071,Customer_71,Female,2006-07-02,South,Bachelor,Unemployed,53398,21,766
1072,Customer_72,Female,1993-11-25,East,Master,Employed,76971,3,644
1073,Customer_73,Male,1985-08-25,North,Bachelor,Employed,66862,21,681
1074,Customer_74,Female,2015-07-09,West,High School,Employed,123668,21,552
1075,Customer_75,Male,2012-06-20,South,PhD,Employed,78410,14,355
1076,Customer_76,Female,1982-03-11,East,Master,Retired,44503,20,762
1077,Customer_77,Female,2002-11-26,South,Bachelor,Employed,73456,14,756
1078,Customer_78,Female,2018-12-22,West,Bachelor,Employed,125167,4,382
1079,Customer_79,Male,2020-07-14,West,Bachelor,Self-employed,107035,12,398
1080,Customer_80,Female,2001-01-19,Central,High School,Employed,130388,17,448
1081,Customer_81,Male,1993-01-13,North,Bachelor,Employed,33016,7,628
1082,Customer_82,Female,1982-01-04,Central,Master,Employed,27384,9,455
1083,Customer_83,Male,1995-04-11,East,High School,Employed,87320,3,489
1084,Customer_84,Female,2007-12-29,South,High School,Employed,40072,13,793
1085,Customer_85,Male,2011-08-03,East,High School,Employed,127239,15,562
1086,Customer_86,Male,1997-01-10,West,High School,Employed,136431,18,379
1087,Customer_87,Female,2010-06-12,Central,Master,Retired,105018,19,699
1088,Customer_88,Male,2003-09-18,Central,Master,Employed,65510,1,559
1089,Customer_89,Female,1987-09-12,Central,Bachelor,Employed,73933,6,400
1090,Customer_90,Female,2008-12-30,East,High School,Self-employed,46826,23,658
1091,Customer_91,Female,2018-09-08,West,Bachelor,Employed,93026,2,679
1092,Customer_92,Female,2013-09-03,South,Bachelor,Self-employed,146668,24,520
1093,Customer_93,Female,2006-12-21,South,High School,Employed,136628,14,719
1094,Customer_94,Female,1983-12-20,East,Bachelor,Retired,50518,6,423
1095,Customer_95,Female,1988-03-06,Central,Bachelor,Employed,49045,14,721
1096,Customer_96,Female,1995-09-30,North,Bachelor,Employed,75876,4,530
1097,Customer_97,Female,2019-12-13,East,Bachelor,Employed,117446,21,362
1098,Customer_98,Female,1997-03-15,East,High School,Retired,115102,8,784
1099,Customer_99,Female,2013-03-25,West,Bachelor,Employed,76919,3,782
1100,Customer_100,Male,1997-02-21,South,Bachelor,Employed,124441,19,818
1101,Customer_101,Male,2003-07-24,East,Bachelor,Employed,52103,14,454
1102,Customer_102,Female,2012-11-12,East,Master,Self-employed,143805,20,391
1103,Customer_103,Female,2008-06-02,Central,Bachelor,Employed,61188,17,825
1104,Customer_104,Female,2016-09-14,Central,High School,Unemployed,30845,8,754
1105,Customer_105,Female,1992-08-06,North,High School,Employed,111698,24,809
1106,Customer_106,Female,1980-12-01,West,Bachelor,Employed,61674,14,482
1107,Customer_107,Female,1981-12-11,North,High School,Employed,143325,6,685
1108,Customer_108,Female,1995-12-06,Central,Bachelor,Employed,44337,23,704
1109,Customer_109,Female,1990-02-19,South,Master,Employed,47313,22,545
1110,Customer_110,Male,1992-04-18,Central,Bachelor,Employed,51943,16,770
1111,Customer_111,Female,1993-04-25,West,Bachelor,Self-employed,102949,19,722
1112,Customer_112,Male,1984-10-23,Central,Bachelor,Employed,25276,14,364
1113,Customer_113,Female,2003-12-04,West,Bachelor,Employed,76151,19,312
1114,Customer_114,Female,1994-03-30,West,Bachelor,Employed,42611,3,512
1115,Customer_115,Male,1988-05-28,West,Master,Employed,129641,10,541
1116,Customer_116,Female,2019-07-25,West,Bachelor,Employed,36944,19,792
1117,Customer_117,Male,2007-10-06,West,PhD,Employed,77887,9,512
1118,Customer_118,Female,2020-07-04,South,Master,Employed,106442,20,637
1119,Customer_119,Female,1996-04-11,North,High School,Unemployed,74847,13,472
1120,Customer_120,Male,2000-10-17,East,High School,Retired,83653,7,463
1121,Customer_121,Female,1993-11-16,North,High School,Employed,111072,14,764
1122,Customer_122,Male,1984-06-15,West,High School,Employed,147589,9,796
1123,Customer_123,Female,2018-11-24,South,High School,Self-employed,81622,23,694
1124,Customer_124,Male,1995-02-13,Central,Bachelor,Employed,52810,19,607
1125,Customer_125,Male,2012-07-28,South,High School,Employed,102842,15,482
1126,Customer_126,Female,2010-10-07,West,Bachelor,Employed,147225,20,809
1127,Customer_127,Female,2016-02-05,South,Master,Self-employed,35503,14,845
1128,Customer_128,Male,1988-10-14,South,High School,Self-employed,109761,24,526
1129,Customer_129,Female,2004-03-02,West,Master,Employed,61976,6,735
1130,Customer_130,Female,2019-09-28,South,High School,Employed,36590,21,721
1131,Customer_131,Female,1986-11-27,East,High School,Employed,148421,4,320
1132,Customer_132,Male,1985-10-31,East,Bachelor,Self-employed,35886,8,696
1133,Customer_133,Male,2012-04-10,South,Bachelor,Employed,37866,17,404
1134,Customer_134,Male,2012-02-03,Central,Master,Employed,91624,9,491
1135,Customer_135,Male,1980-05-07,West,Master,Self-employed,93899,1,316
1136,Customer_136,Male,1992-10-04,East,Master,Employed,57792,24,419
1137,Customer_137,Male,2006-01-17,Central,High School,Self-employed,34764,20,692
1138,Customer_138,Male,2005-06-15,South,High School,Employed,145832,14,724
1139,Customer_139,Male,1985-06-16,Central,Master,Employed,145356,11,428
1140,Customer_140,Male,2008-05-21,North,Master,Employed,111156,21,429
1141,Customer_141,Female,1984-02-12,East,PhD,Self-employed,67727,3,328
1142,Customer_142,Male,1997-02-27,South,Bachelor,Unemployed,103471,9,396
1143,Customer_143,Female,1982-01-22,West,Bachelor,Unemployed,33068,14,309
1144,Customer_144,Female,1996-05-03,South,Master,Employed,141923,9,541
1145,Customer_145,Female,1980-01-29,West,Bachelor,Self-employed,32295,4,531
1146,Customer_146,Male,2010-10-12,South,Master,Employed,66160,4,583
1147,Customer_147,Male,1988-01-25,Central,Master,Employed,36390,8,499
1148,Customer_148,Male,1994-04-13,Central,Bachelor,Unemployed,131752,2,378
1149,Customer_149,Male,1997-01-30,Central,Master,Employed,45131,9,472
1150,Customer_150,Female,1999-06-14,North,Master,Employed,119754,14,766
1151,Customer_151,Male,1992-02-20,West,High School,Employed,100969,22,715
1152,Customer_152,Male,1996-06-06,Central,Master,Employed,40038,9,748
1153,Customer_153,Male,1990-01-30,North,Bachelor,Employed,77327,24,386
1154,Customer_154,Male,1981-08-27,West,Master,Employed,118718,23,400
1155,Customer_155,Male,1982-09-11,South,Bachelor,Employed,102064,16,307
1156,Customer_156,Female,1992-03-12,North,Master,Unemployed,46281,17,499
1157,Customer_157,Male,1993-04-13,East,Bachelor,Unemployed,79189,16,804
1158,Customer_158,Female,1996-11-08,North,High School,Employed,73511,12,386
1159,Customer_159,Male,2010-08-04,North,Master,Employed,147115,3,342
1160,Customer_160,Female,1990-07-05,West,High School,Employed,33605,11,684
1161,Customer_161,Male,1981-01-10,South,Bachelor,Employed,125318,14,734
1162,Customer_162,Male,2015-10-15,East,PhD,Employed,26381,18,707
1163,Customer_163,Female,2012-01-13,Central,PhD,Self-employed,91634,21,782
1164,Customer_164,Female,2003-04-17,Central,Bachelor,Employed,44810,21,316
1165,Customer_165,Female,2000-08-21,North,Bachelor,Employed,143343,5,447
1166,Customer_166,Male,2009-10-01,West,Bachelor,Employed,49322,16,576
1167,Customer_167,Female,2010-12-12,West,High School,Employed,66869,20,531
1168,Customer_168,Male,1981-03-28,Central,Bachelor,Retired,57955,5,665
1169,Customer_169,Male,2008-10-16,East,Bachelor,Self-employed,86388,3,527
1170,Customer_170,Female,2013-10-03,South,Master,Employed,135252,12,735
1171,Customer_171,Female,1986-05-08,East,Master,Unemployed,35207,1,698
1172,Customer_172,Male,1989-12-17,South,Master,Employed,112329,21,510
1173,Customer_173,Male,1999-03-08,Central,High School,Unemployed,92628,9,690
1174,Customer_174,Female,1988-04-18,South,Bachelor,Self-employed,53220,9,798
1175,Customer_175,Female,2006-10-19,West,High School,Employed,109050,4,839
1176,Customer_176,Female,1987-11-13,North,Bachelor,Employed,128546,3,790
1177,Customer_177,Male,1990-04-29,North,Bachelor,Employed,99085,17,741
1178,Customer_178,Male,2001-08-16,Central,Master,Employed,47031,2,560
1179,Customer_179,Male,2003-06-05,West,Bachelor,Self-employed,95721,24,649
1180,Customer_180,Male,1995-06-20,East,High School,Employed,105807,1,651
1181,Customer_181,Male,1981-01-11,West,High School,Employed,96312,8,819
1182,Customer_182,Male,1988-01-06,North,Master,Unemployed,84766,13,619
1183,Customer_183,Female,2003-09-30,North,Bachelor,Retired,37449,23,437
1184,Customer_184,Male,2012-11-12,West,High School,Employed,114833,15,849
1185,Customer_185,Male,1985-12-08,West,High School,Employed,81699,8,667
1186,Customer_186,Male,1994-07-17,North,Master,Employed,131127,12,519
1187,Customer_187,Female,2011-09-15,East,High School,Employed,106253,22,636
1188,Customer_188,Male,1985-10-06,Central,Master,Retired,130659,12,522
1189,Customer_189,Male,2007-05-06,Central,Master,Employed,129769,14,659
1190,Customer_190,Female,2017-12-29,West,High School,Employed,136041,15,628
1191,Customer_191,Male,2009-09-10,Central,High School,Employed,141185,15,762
1192,Customer_192,Male,1998-05-06,North,PhD,Employed,71092,9,681
1193,Customer_193,Male,2010-01-24,North,Bachelor,Self-employed,88671,19,468
1194,Customer_194,Male,1981-01-10,West,Bachelor,Unemployed,35350,20,516
1195,Customer_195,Male,1980-04-14,West,Master,Employed,121158,22,677
1196,Customer_196,Female,1991-06-11,West,Master,Employed,125859,8,418
1197,Customer_197,Female,2007-10-03,East,PhD,Employed,145097,21,489
1198,Customer_198,Female,1991-12-24,Central,Master,Retired,93487,19,669
1199,Customer_199,Male,1991-10-13,West,Bachelor,Unemployed,42622,6,448
1200,Customer_200,Male,1980-03-20,South,High School,Employed,148853,20,787
1201,Customer_201,Male,2004-04-09,South,Master,Self-employed,95263,19,673
1202,Customer_202,Female,2005-03-22,North,Bachelor,Self-employed,78117,4,459
1203,Customer_203,Male,2017-01-22,Central,Bachelor,Employed,128990,23,650
1204,Customer_204,Male,2009-06-16,West,Master,Retired,83394,7,587
1205,Customer_205,Female,1995-07-07,South,High School,Employed,127005,4,587
1206,Customer_206,Male,1986-01-14,Central,Bachelor,Employed,126084,22,525
1207,Customer_207,Female,1983-05-09,North,High School,Employed,48782,12,822
1208,Customer_208,Female,1988-12-01,East,Bachelor,Employed,141276,13,821
1209,Customer_209,Female,2020-01-24,Central,High School,Employed,53454,3,572
1210,Customer_210,Male,1998-02-03,Central,High School,Self-employed,92904,22,701
1211,Customer_211,Male,1996-04-22,East,High School,Employed,40592,12,482
1212,Customer_212,Male,2007-12-28,Central,Bachelor,Self-employed,47173,2,787
1213,Customer_213,Male,1996-04-04,North,Master,Employed,58204,24,423
1214,Customer_214,Male,1988-10-23,North,Bachelor,Employed,60596,2,713
1215,Customer_215,Male,2020-05-13,East,PhD,Employed,59324,23,471
1216,Customer_216,Male,1987-10-29,West,Bachelor,Employed,147258,9,587
1217,Customer_217,Female,1998-08-25,South,High School,Self-employed,136668,1,734
1218,Customer_218,Male,1992-08-09,West,Master,Employed,86202,8,412
1219,Customer_219,Female,1984-07-25,Central,High School,Employed,114400,23,421
1220,Customer_220,Male,2008-04-09,South,PhD,Employed,149184,6,843
1221,Customer_221,Male,1990-07-27,East,High School,Self-employed,138365,6,521
1222,Customer_222,Male,1999-11-05,East,PhD,Retired,55750,22,338
1223,Customer_223,Female,1994-04-14,South,High School,Self-employed,101112,18,796
1224,Customer_224,Female,2006-06-12,North,Master,Employed,41566,17,532
1225,Customer_225,Female,1994-04-14,South,Bachelor,Employed,32190,12,829
1226,Customer_226,Female,2009-02-27,Central,PhD,Employed,113607,6,448
1227,Customer_227,Male,1982-04-05,North,High School,Employed,63333,8,696
1228,Customer_228,Female,1982-10-10,East,Bachelor,Employed,146929,19,601
1229,Customer_229,Male,1988-10-02,South,PhD,Employed,105905,10,659
1230,Customer_230,Male,1988-05-18,West,Bachelor,Employed,114571,1,537
1231,Customer_231,Female,2002-08-23,West,Bachelor,Employed,145263,13,535
1232,Customer_232,Female,2003-01-06,Central,Bachelor,Self-employed,26589,17,502
1233,Customer_233,Female,1983-01-07,West,Bachelor,Employed,149467,3,555
1234,Customer_234,Female,1997-10-29,South,Bachelor,Employed,50235,8,534
1235,Customer_235,Female,1995-10-31,South,Bachelor,Self-employed,25159,14,644
1236,Customer_236,Female,1981-06-17,West,Master,Employed,37145,3,833
1237,Customer_237,Female,1997-07-11,South,High School,Self-employed,105909,16,765
1238,Customer_238,Female,2001-11-04,Central,High School,Employed,56921,13,840
1239,Customer_239,Male,1986-04-15,North,PhD,Employed,129859,20,512
1240,Customer_240,Female,1990-12-17,Central,Master,Unemployed,41237,24,762
1241,Customer_241,Female,1993-12-18,Central,Bachelor,Self-employed,132507,17,735
1242,Customer_242,Male,2006-10-23,South,Bachelor,Self-employed,33244,13,582
1243,Customer_243,Female,1995-02-24,North,High School,Employed,39743,6,762
1244,Customer_244,Male,1995-06-09,South,High School,Employed,122102,17,706
1245,Customer_245,Male,2003-01-06,East,Bachelor,Employed,71101,14,387
1246,Customer_246,Female,2000-05-16,South,Bachelor,Employed,136645,17,343
1247,Customer_247,Male,1990-11-14,South,Bachelor,Retired,146534,8,760
1248,Customer_248,Male,1995-02-05,South,High School,Employed,109227,11,577
1249,Customer_249,Male,1985-03-12,North,PhD,Retired,124532,20,720
1250,Customer_250,Male,2018-07-24,South,PhD,Employed,81378,1,652
1251,Customer_251,Female,1990-11-08,North,Bachelor,Employed,96126,7,814
1252,Customer_252,Male,1995-11-09,West,Bachelor,Employed,81071,21,318
1253,Customer_253,Female,2007-10-23,East,Bachelor,Unemployed,96121,21,322
1254,Customer_254,Male,1988-03-10,North,Master,Self-employed,99763,17,712
1255,Customer_255,Male,2020-04-29,West,Bachelor,Unemployed,118814,10,329
1256,Customer_256,Male,1984-04-29,North,High School,Self-employed,129350,11,407
1257,Customer_257,Male,2020-02-16,North,Master,Self-employed,37237,22,666
1258,Customer_258,Female,1994-03-05,East,Master,Unemployed,40649,9,580
1259,Customer_259,Female,2007-05-13,Central,Master,Employed,62713,9,427
1260,Customer_260,Male,2001-11-23,Central,Master,Employed,98463,24,528
1261,Customer_261,Male,2015-03-01,North,Bachelor,Employed,70409,5,410
1262,Customer_262,Female,1995-05-11,South,Bachelor,Retired,73766,17,435
1263,Customer_263,Male,2004-10-10,West,Master,Retired,71154,9,661
1264,Customer_264,Male,1987-07-27,South,Master,Employed,32016,17,485
1265,Customer_265,Male,1994-02-18,South,High School,Self-employed,104563,24,428
1266,Customer_266,Female,2014-01-25,North,High School,Retired,73688,21,560
1267,Customer_267,Female,2002-01-31,North,Bachelor,Employed,114678,19,814
1268,Customer_268,Female,2001-05-07,North,Master,Employed,137056,7,748
1269,Customer_269,Male,2011-03-06,North,PhD,Retired,79238,23,403
1270,Customer_270,Male,1994-09-20,Central,High School,Employed,83608,9,782
1271,Customer_271,Female,2007-04-03,North,Bachelor,Self-employed,114081,7,523
1272,Customer_272,Female,2008-09-05,Central,Bachelor,Employed,141572,13,790
1273,Customer_273,Female,2001-01-12,Central,PhD,Retired,56897,11,772
1274,Customer_274,Female,1981-09-05,North,Master,Retired,75961,14,309
1275,Customer_275,Male,1990-08-16,East,Master,Retired,93703,19,704
1276,Customer_276,Female,2018-07-16,West,Bachelor,Employed,69757,11,601
1277,Customer_277,Male,1997-10-23,South,Bachelor,Unemployed,51917,13,530
1278,Customer_278,Female,1987-06-08,Central,High School,Unemployed,47736,14,365
1279,Customer_279,Male,2017-01-25,West,High School,Employed,52990,13,411
1280,Customer_280,Female,2015-01-09,East,Master,Unemployed,87551,1,312
1281,Customer_281,Female,1982-07-22,South,Master,Employed,83161,8,692
1282,Customer_282,Female,2014-07-24,South,PhD,Employed,104623,12,799
1283,Customer_283,Female,1982-03-21,Central,PhD,Employed,47440,19,533
1284,Customer_284,Male,2019-08-13,North,Bachelor,Employed,60205,12,613
1285,Customer_285,Female,2016-09-01,East,Master,Employed,146156,8,311
1286,Customer_286,Male,2003-01-18,Central,Master,Self-employed,105811,8,508
1287,Customer_287,Male,2018-02-26,East,Master,Employed,148768,21,313
1288,Customer_288,Male,1984-04-06,North,High School,Self-employed,80103,13,717
1289,Customer_289,Male,2017-10-15,North,Bachelor,Employed,95812,12,736
1290,Customer_290,Female,1988-11-26,Central,High School,Employed,66627,16,676
1291,Customer_291,Male,1986-03-22,North,PhD,Employed,131122,1,319
1292,Customer_292,Male,2005-10-31,West,Bachelor,Self-employed,128032,13,369
1293,Customer_293,Male,1991-05-30,South,High School,Employed,44008,7,510
1294,Customer_294,Female,1983-12-30,Central,Bachelor,Self-employed,96274,5,400
1295,Customer_295,Female,1979-10-10,East,Bachelor,Unemployed,57402,8,431
1296,Customer_296,Female,2000-08-21,West,Bachelor,Self-employed,78384,14,680
1297,Customer_297,Female,2003-08-05,Central,High School,Employed,30793,23,431
1298,Customer_298,Male,2004-10-26,North,Bachelor,Employed,127827,13,319
1299,Customer_299,Male,1980-05-26,North,Bachelor,Unemployed,30571,15,835
1300,Customer_300,Female,1995-01-30,North,Master,Employed,121867,23,526
1301,Customer_301,Male,2013-12-09,North,Bachelor,Unemployed,41209,17,453
1302,Customer_302,Male,2000-12-12,East,Master,Employed,138550,15,768
1303,Customer_303,Male,1990-08-12,West,Bachelor,Retired,115930,20,704
1304,Customer_304,Female,1985-11-26,South,Bachelor,Self-employed,68148,18,501
1305,Customer_305,Female,1992-04-09,East,Master,Retired,116218,18,337
1306,Customer_306,Male,2007-08-20,East,Bachelor,Employed,27224,2,487
1307,Customer_307,Female,1995-11-14,South,High School,Self-employed,131693,4,356
1308,Customer_308,Female,1993-11-09,South,High School,Employed,73695,1,319
1309,Customer_309,Female,1981-07-29,North,Master,Employed,145779,4,572
1310,Customer_310,Female,2006-07-30,East,Bachelor,Self-employed,134988,18,418
1311,Customer_311,Female,2000-12-03,Central,Master,Unemployed,133944,5,815
1312,Customer_312,Male,1999-05-04,South,High School,Retired,57441,19,520
1313,Customer_313,Female,2003-09-24,South,High School,Self-employed,131966,15,825
1314,Customer_314,Male,2005-12-01,West,High School,Employed,64129,8,814
1315,Customer_315,Male,2017-09-18,Central,Bachelor,Employed,125252,20,635
1316,Customer_316,Female,2015-02-19,Central,Bachelor,Self-employed,87368,17,354
1317,Customer_317,Male,1996-01-04,South,Bachelor,Employed,135395,1,799
1318,Customer_318,Male,2009-10-23,North,Bachelor,Employed,117122,12,835
1319,Customer_319,Male,1988-12-28,West,Master,Employed,69760,19,461
1320,Customer_320,Female,1982-04-24,Central,Bachelor,Employed,48478,15,458
1321,Customer_321,Female,2018-05-30,South,Bachelor,Employed,96854,9,487
1322,Customer_322,Male,2019-01-21,Central,Master,Employed,119230,7,359
1323,Customer_323,Female,2000-11-20,West,Bachelor,Employed,110716,2,618
1324,Customer_324,Female,1996-06-15,West,Bachelor,Employed,37180,9,510
1325,Customer_325,Female,1987-10-09,East,Master,Retired,123538,10,705
1326,Customer_326,Female,1998-08-13,South,Master,Employed,40372,2,408
1327,Customer_327,Male,2000-06-21,West,High School,Employed,54796,19,375
1328,Customer_328,Male,2019-06-10,East,Master,Self-employed,83272,11,841
1329,Customer_329,Female,1988-12-18,East,Bachelor,Employed,143295,13,613
1330,Customer_330,Female,1996-02-16,Central,High School,Retired,114963,10,416
1331,Customer_331,Male,1981-02-27,Central,Bachelor,Self-employed,123826,14,318
1332,Customer_332,Male,2010-12-10,East,PhD,Employed,145592,18,731
1333,Customer_333,Female,1982-11-04,Central,Bachelor,Employed,118635,19,649
1334,Customer_334,Male,1991-04-01,West,Bachelor,Unemployed,136022,22,482
1335,Customer_335,Female,2017-02-10,North,Bachelor,Retired,79040,9,412
1336,Customer_336,Female,1999-08-28,West,High School,Employed,100357,7,482
1337,Customer_337,Male,2011-06-25,East,High School,Self-employed,96368,3,780
1338,Customer_338,Male,2015-04-16,East,High School,Employed,103356,20,445
1339,Customer_339,Female,1988-02-18,West,High School,Retired,41211,6,412
1340,Customer_340,Female,1991-11-24,Central,High School,Employed,130426,21,775
1341,Customer_341,Male,2006-01-06,Central,High School,Retired,30842,2,602
1342,Customer_342,Female,2000-10-16,East,Bachelor,Self-employed,88115,6,417
1343,Customer_343,Male,1999-06-16,South,High School,Self-employed,91852,3,460
1344,Customer_344,Female,1993-08-19,Central,Bachelor,Employed,70968,16,700
1345,Customer_345,Male,2007-12-25,West,Master,Employed,42508,8,497
1346,Customer_346,Male,1985-09-24,Central,Bachelor,Employed,47005,2,559
1347,Customer_347,Male,2012-03-17,West,Bachelor,Employed,79575,17,346
1348,Customer_348,Female,1999-01-05,East,High School,Employed,105742,9,698
1349,Customer_349,Female,2010-01-20,Central,High School,Self-employed,43971,12,377
1350,Customer_350,Male,2015-03-27,West,High School,Employed,50599,3,423
1351,Customer_351,Female,1995-05-20,East,High School,Employed,112592,11,374
1352,Customer_352,Male,2000-01-26,South,High School,Retired,91914,1,436
1353,Customer_353,Male,2006-01-10,West,High School,Unemployed,143062,23,699
1354,Customer_354,Female,1988-10-19,South,High School,Retired,92055,13,804
1355,Customer_355,Female,2019-12-18,South,High School,Retired,112697,15,799
1356,Customer_356,Male,2014-10-21,North,Bachelor,Employed,131239,5,437
1357,Customer_357,Female,1987-02-22,Central,High School,Employed,129397,21,349
1358,Customer_358,Female,2016-12-26,West,Bachelor,Self-employed,148106,17,553
1359,Customer_359,Male,1995-04-13,South,Bachelor,Self-employed,30355,23,725
1360,Customer_360,Male,1999-06-22,North,Bachelor,Employed,79120,24,846
1361,Customer_361,Female,2020-02-21,East,High School,Unemployed,99619,6,601
1362,Customer_362,Male,2010-01-15,West,Master,Employed,63342,21,648
1363,Customer_363,Male,2019-05-20,South,Bachelor,Employed,110992,22,348
1364,Customer_364,Female,1980-07-15,Central,High School,Employed,103860,11,373
1365,Customer_365,Male,1994-08-19,North,Master,Employed,27257,18,560
1366,Customer_366,Male,1995-06-22,South,Master,Employed,52364,4,655
1367,Customer_367,Female,2013-05-19,Central,High School,Employed,49972,3,559
1368,Customer_368,Female,1981-03-09,South,High School,Unemployed,136715,13,594
1369,Customer_369,Male,2008-03-22,West,Master,Employed,51654,23,612
1370,Customer_370,Male,1998-04-07,West,Master,Employed,105769,9,481
1371,Customer_371,Female,2015-01-31,West,High School,Unemployed,106423,21,663
1372,Customer_372,Female,2008-09-12,North,High School,Retired,54320,6,487
1373,Customer_373,Female,1985-05-13,West,Bachelor,Unemployed,45808,12,842
1374,Customer_374,Female,2017-07-16,Central,Bachelor,Unemployed,77389,2,847
1375,Customer_375,Male,2011-02-20,South,Bachelor,Self-employed,120690,3,707
1376,Customer_376,Female,2001-12-20,East,Bachelor,Employed,143581,3,713
1377,Customer_377,Female,2015-04-30,Central,Bachelor,Employed,59773,12,641
1378,Customer_378,Male,1994-07-10,Central,Master,Employed,76168,15,519
1379,Customer_379,Female,2002-11-22,West,High School,Employed,52747,9,462
1380,Customer_380,Male,1997-05-05,North,High School,Employed,101396,23,519
1381,Customer_381,Female,1994-06-06,South,Master,Self-employed,133374,8,569
1382,Customer_382,Female,2015-07-12,North,Master,Employed,132692,11,699
1383,Customer_383,Female,1993-10-18,South,Bachelor,Employed,108692,16,481
1384,Customer_384,Male,2011-11-13,South,Bachelor,Employed,82505,22,504
1385,Customer_385,Male,1993-03-01,North,High School,Self-employed,110896,4,527
1386,Customer_386,Female,1987-01-07,Central,Bachelor,Employed,43135,1,549
1387,Customer_387,Male,1988-11-20,South,Bachelor,Unemployed,115887,24,740
1388,Customer_388,Male,2009-05-20,North,High School,Employed,147118,7,832
1389,Customer_389,Male,2010-11-01,South,High School,Employed,121035,2,495
1390,Customer_390,Male,2013-12-24,East,Bachelor,Employed,72377,24,818
1391,Customer_391,Male,2012-03-15,Central,High School,Unemployed,48554,5,369
1392,Customer_392,Male,1987-03-02,West,Bachelor,Employed,87491,7,698
1393,Customer_393,Female,2001-01-12,South,High School,Self-employed,80621,4,502
1394,Customer_394,Female,1979-09-13,East,Bachelor,Employed,139667,5,447
1395,Customer_395,Male,2020-03-07,West,High School,Employed,83283,24,771
1396,Customer_396,Female,1991-03-25,West,Master,Unemployed,110140,1,498
1397,Customer_397,Female,1995-05-13,South,Bachelor,Self-employed,41923,1,725
1398,Customer_398,Female,2008-11-08,North,Bachelor,Self-employed,72591,15,791
1399,Customer_399,Female,1994-09-08,South,Master,Unemployed,87261,20,441
1400,Customer_400,Male,1998-03-30,East,Bachelor,Unemployed,141149,19,612
1401,Customer_401,Female,1996-02-15,West,High School,Self-employed,79336,10,464
1402,Customer_402,Female,2001-11-06,South,Bachelor,Unemployed,99083,18,613
1403,Customer_403,Male,1985-05-31,North,Bachelor,Self-employed,85948,3,320
1404,Customer_404,Male,2014-06-26,South,Master,Self-employed,134819,11,381
1405,Customer_405,Female,1981-11-03,Central,Bachelor,Self-employed,58002,15,430
1406,Customer_406,Female,2004-06-02,North,High School,Self-employed,105098,11,604
1407,Customer_407,Female,1994-03-19,East,High School,Employed,141236,17,670
1408,Customer_408,Female,1992-10-06,West,Bachelor,Unemployed,98016,17,683
1409,Customer_409,Female,2000-12-05,South,Bachelor,Unemployed,51672,6,744
1410,Customer_410,Female,2003-12-01,North,Bachelor,Employed,29213,5,724
1411,Customer_411,Male,1990-07-14,Central,Bachelor,Unemployed,35293,8,460
1412,Customer_412,Female,1987-09-17,North,PhD,Employed,124977,2,477
1413,Customer_413,Female,2019-11-01,Central,Bachelor,Employed,80860,16,789
1414,Customer_414,Male,2000-08-30,East,High School,Self-employed,87507,20,626
1415,Customer_415,Male,1991-02-12,West,High School,Employed,82134,24,588
1416,Customer_416,Male,2014-11-05,East,High School,Unemployed,27100,12,653
1417,Customer_417,Male,2000-08-10,South,High School,Unemployed,135153,6,327
1418,Customer_418,Female,2007-03-09,North,High School,Employed,86997,1,342
1419,Customer_419,Female,1996-12-02,Central,High School,Employed,53172,4,722
1420,Customer_420,Female,1996-04-30,Central,High School,Employed,45132,17,476
1421,Customer_421,Female,1985-04-21,North,High School,Self-employed,142861,13,828
1422,Customer_422,Female,1999-02-04,North,Master,Retired,43199,18,793
1423,Customer_423,Female,2016-03-05,South,High School,Self-employed,61609,5,497
1424,Customer_424,Male,2014-11-06,East,Bachelor,Employed,67965,24,816
1425,Customer_425,Female,2009-09-02,Central,Bachelor,Self-employed,33016,24,813
1426,Customer_426,Male,2002-11-06,South,PhD,Employed,64779,3,321
1427,Customer_427,Male,1989-07-26,East,High School,Self-employed,127797,11,411
1428,Customer_428,Female,1983-11-01,South,Bachelor,Employed,56881,13,356
1429,Customer_429,Male,2016-07-19,Central,PhD,Self-employed,107594,4,365
1430,Customer_430,Female,2002-12-04,North,Master,Employed,49472,14,397
1431,Customer_431,Male,1990-12-21,North,Master,Retired,131882,22,443
1432,Customer_432,Female,1979-11-02,East,High School,Employed,125462,11,734
1433,Customer_433,Male,2000-06-06,West,High School,Self-employed,76813,10,385
1434,Customer_434,Female,1998-12-30,East,Bachelor,Retired,125368,19,643
1435,Customer_435,Female,2010-08-14,West,Master,Employed,61021,18,593
1436,Customer_436,Female,2014-06-02,South,Bachelor,Retired,79131,6,542
1437,Customer_437,Female,2012-08-06,South,Bachelor,Self-employed,49087,15,331
1438,Customer_438,Female,1982-01-05,Central,High School,Employed,37828,21,690
1439,Customer_439,Male,1983-08-19,West,Master,Employed,86610,10,576
1440,Customer_440,Male,2012-05-27,Central,High School,Self-employed,121664,5,831
1441,Customer_441,Male,2001-04-11,North,Bachelor,Employed,148619,5,453
1442,Customer_442,Female,1999-10-03,West,Bachelor,Employed,26401,10,682
1443,Customer_443,Male,1980-02-05,East,Bachelor,Employed,110179,5,367
1444,Customer_444,Female,1985-02-05,North,High School,Self-employed,40193,3,513
1445,Customer_445,Female,1982-04-28,North,High School,Employed,117389,23,675
1446,Customer_446,Male,1990-10-06,East,Bachelor,Unemployed,69864,6,512
1447,Customer_447,Male,1980-11-08,North,High School,Retired,45307,4,378
1448,Customer_448,Female,2009-07-06,West,Bachelor,Retired,127518,18,680
1449,Customer_449,Male,2019-11-27,Central,High School,Self-employed,44611,9,357
1450,Customer_450,Female,2009-03-26,North,Bachelor,Employed,68791,17,325
1451,Customer_451,Female,1999-02-25,West,Bachelor,Self-employed,36950,13,746
1452,Customer_452,Female,1985-04-05,South,High School,Employed,101240,15,365
1453,Customer_453,Female,2002-03-09,West,Bachelor,Employed,133647,20,553
1454,Customer_454,Female,1993-11-30,Central,High School,Employed,102403,17,343
1455,Customer_455,Male,1995-08-16,West,High School,Employed,27745,13,396
1456,Customer_456,Male,2011-06-12,East,PhD,Self-employed,80243,16,526
1457,Customer_457,Female,2001-05-04,Central,Bachelor,Self-employed,28866,22,735
1458,Customer_458,Female,1991-08-27,South,Master,Employed,57245,4,678
1459,Customer_459,Male,1983-12-04,East,High School,Employed,69724,5,477
1460,Customer_460,Male,1987-01-12,West,Bachelor,Retired,96354,5,726
1461,Customer_461,Female,1992-06-01,Central,Master,Employed,76374,9,606
1462,Customer_462,Male,1992-05-26,South,Bachelor,Employed,139397,17,803
1463,Customer_463,Female,1999-10-24,East,Bachelor,Employed,142480,13,567
1464,Customer_464,Male,1992-11-13,South,Bachelor,Self-employed,149577,2,307
1465,Customer_465,Female,1993-10-24,West,Bachelor,Self-employed,55116,13,807
1466,Customer_466,Male,1981-03-21,South,Master,Employed,106029,22,775
1467,Customer_467,Female,2014-06-30,North,Master,Employed,118574,21,596
1468,Customer_468,Male,2004-06-18,East,PhD,Self-employed,45447,23,463
1469,Customer_469,Male,2000-03-26,South,High School,Self-employed,55431,19,784
1470,Customer_470,Female,2016-05-15,West,Master,Employed,42908,3,371
1471,Customer_471,Male,1983-12-30,West,Master,Retired,54336,10,537
1472,Customer_472,Female,2015-02-02,South,High School,Employed,65992,2,403
1473,Customer_473,Male,2000-08-10,West,High School,Employed,80350,13,509
1474,Customer_474,Female,2002-04-19,Central,Master,Retired,94561,19,767
1475,Customer_475,Male,2019-12-09,Central,Bachelor,Employed,142254,17,753
1476,Customer_476,Female,2008-10-06,Central,Master,Self-employed,76955,21,567
1477,Customer_477,Male,2000-04-01,North,High School,Employed,86240,14,685
1478,Customer_478,Female,2013-04-16,South,Master,Employed,45093,12,686
1479,Customer_479,Male,2007-09-11,North,High School,Retired,31155,21,558
1480,Customer_480,Female,1983-03-12,West,High School,Employed,71607,12,582
1481,Customer_481,Female,2003-07-05,North,High School,Unemployed,58487,11,339
1482,Customer_482,Female,1993-08-13,West,Master,Employed,138194,7,785
1483,Customer_483,Male,2018-04-01,West,Bachelor,Employed,80668,4,519
1484,Customer_484,Female,1992-11-26,East,Bachelor,Employed,45963,19,428
1485,Customer_485,Male,1998-03-27,Central,Bachelor,Self-employed,75124,1,819
1486,Customer_486,Female,2013-06-24,West,Master,Employed,77870,24,559
1487,Customer_487,Male,2017-12-08,East,Bachelor,Unemployed,81547,3,665
1488,Customer_488,Female,2009-06-01,Central,Master,Employed,89110,13,843
1489,Customer_489,Male,1988-12-15,West,Bachelor,Retired,78554,15,823
1490,Customer_490,Male,2017-05-18,West,Bachelor,Employed,45936,2,315
1491,Customer_491,Female,1998-08-05,North,Bachelor,Unemployed,141895,11,428
1492,Customer_492,Male,2002-08-09,North,Bachelor,Self-employed,29426,4,408
1493,Customer_493,Male,1991-09-13,Central,Master,Self-employed,113839,19,832
1494,Customer_494,Female,1998-06-03,West,Bachelor,Unemployed,135816,17,568
1495,Customer_495,Male,1988-02-01,South,High School,Self-employed,52606,3,461
1496,Customer_496,Male,1988-12-04,North,Master,Self-employed,72832,18,559
1497,Customer_497,Male,2000-07-24,Central,Bachelor,Employed,53151,8,401
1498,Customer_498,Female,1989-09-08,West,Bachelor,Employed,104303,22,805
1499,Customer_499,Male,2013-08-17,West,Master,Retired,36308,24,546
1500,Customer_500,Female,1987-09-06,South,Bachelor,Self-employed,134781,19,836
